{
  "/include/ajax/nikolaus_pizza.php-7" : {
    "transaction" : "/include/ajax/nikolaus_pizza.php-7",
    "sampleCount" : 25,
    "errorCount" : 0,
    "errorPct" : 0.0,
    "meanResTime" : 150.99999999999997,
    "medianResTime" : 64.0,
    "minResTime" : 60.0,
    "maxResTime" : 1959.0,
    "pct1ResTime" : 177.0000000000005,
    "pct2ResTime" : 1467.5999999999988,
    "pct3ResTime" : 1959.0,
    "throughput" : 7.167431192660551,
    "receivedKBytesPerSec" : 7.923371201261468,
    "sentKBytesPerSec" : 3.9196889334862384
  },
  "/upload/resize_cache/iblock/b40/100_100_1/zribf5ykbp222cgylfsm17d099ub4pzk.jpg-6" : {
    "transaction" : "/upload/resize_cache/iblock/b40/100_100_1/zribf5ykbp222cgylfsm17d099ub4pzk.jpg-6",
    "sampleCount" : 25,
    "errorCount" : 0,
    "errorPct" : 0.0,
    "meanResTime" : 42.199999999999996,
    "medianResTime" : 42.0,
    "minResTime" : 40.0,
    "maxResTime" : 45.0,
    "pct1ResTime" : 45.0,
    "pct2ResTime" : 45.0,
    "pct3ResTime" : 45.0,
    "throughput" : 7.212925562608194,
    "receivedKBytesPerSec" : 34.655853289094054,
    "sentKBytesPerSec" : 3.2613130229371032
  },
  "/include/ajax/ym_ecommerce.php-8" : {
    "transaction" : "/include/ajax/ym_ecommerce.php-8",
    "sampleCount" : 25,
    "errorCount" : 0,
    "errorPct" : 0.0,
    "meanResTime" : 88.24,
    "medianResTime" : 87.0,
    "minResTime" : 81.0,
    "maxResTime" : 100.0,
    "pct1ResTime" : 96.4,
    "pct2ResTime" : 99.1,
    "pct3ResTime" : 100.0,
    "throughput" : 7.10025560920193,
    "receivedKBytesPerSec" : 6.247392874893496,
    "sentKBytesPerSec" : 3.605598551547856
  },
  "/checkout/-9" : {
    "transaction" : "/checkout/-9",
    "sampleCount" : 25,
    "errorCount" : 0,
    "errorPct" : 0.0,
    "meanResTime" : 109.63999999999999,
    "medianResTime" : 109.0,
    "minResTime" : 97.0,
    "maxResTime" : 145.0,
    "pct1ResTime" : 118.60000000000001,
    "pct2ResTime" : 137.79999999999998,
    "pct3ResTime" : 145.0,
    "throughput" : 7.048209754722301,
    "receivedKBytesPerSec" : 47.955909042853115,
    "sentKBytesPerSec" : 3.4139765999436142
  },
  "Total" : {
    "transaction" : "Total",
    "sampleCount" : 275,
    "errorCount" : 0,
    "errorPct" : 0.0,
    "meanResTime" : 197.77454545454546,
    "medianResTime" : 84.0,
    "minResTime" : 40.0,
    "maxResTime" : 2706.0,
    "pct1ResTime" : 140.00000000000003,
    "pct2ResTime" : 1567.3999999999996,
    "pct3ResTime" : 2635.4400000000005,
    "throughput" : 62.986715529088414,
    "receivedKBytesPerSec" : 255.432156865552,
    "sentKBytesPerSec" : 31.6890728784929
  },
  "/upload/resize_cache/iblock/b40/150_150_1/zribf5ykbp222cgylfsm17d099ub4pzk.jpg-11" : {
    "transaction" : "/upload/resize_cache/iblock/b40/150_150_1/zribf5ykbp222cgylfsm17d099ub4pzk.jpg-11",
    "sampleCount" : 25,
    "errorCount" : 0,
    "errorPct" : 0.0,
    "meanResTime" : 42.96,
    "medianResTime" : 43.0,
    "minResTime" : 40.0,
    "maxResTime" : 47.0,
    "pct1ResTime" : 46.0,
    "pct2ResTime" : 46.7,
    "pct3ResTime" : 47.0,
    "throughput" : 7.159221076746849,
    "receivedKBytesPerSec" : 69.23609992482818,
    "sentKBytesPerSec" : 3.2999534650630014
  },
  "/include/ajax/nikolaus_pizza.php-1" : {
    "transaction" : "/include/ajax/nikolaus_pizza.php-1",
    "sampleCount" : 25,
    "errorCount" : 0,
    "errorPct" : 0.0,
    "meanResTime" : 1262.5600000000002,
    "medianResTime" : 1531.0,
    "minResTime" : 134.0,
    "maxResTime" : 2706.0,
    "pct1ResTime" : 2640.4,
    "pct2ResTime" : 2691.9,
    "pct3ResTime" : 2706.0,
    "throughput" : 6.952169076751947,
    "receivedKBytesPerSec" : 13.198258481646274,
    "sentKBytesPerSec" : 3.795178236234705
  },
  "/upload/resize_cache/iblock/c2f/150_150_1/jolfm1cmof3yfsvr91utri8ioggkcr1f.jpg-10" : {
    "transaction" : "/upload/resize_cache/iblock/c2f/150_150_1/jolfm1cmof3yfsvr91utri8ioggkcr1f.jpg-10",
    "sampleCount" : 25,
    "errorCount" : 0,
    "errorPct" : 0.0,
    "meanResTime" : 44.84,
    "medianResTime" : 44.0,
    "minResTime" : 40.0,
    "maxResTime" : 86.0,
    "pct1ResTime" : 45.0,
    "pct2ResTime" : 73.69999999999997,
    "pct3ResTime" : 86.0,
    "throughput" : 7.148984844152131,
    "receivedKBytesPerSec" : 109.32222038533028,
    "sentKBytesPerSec" : 3.295235201601373
  },
  "/include/ajax/ym_ecommerce.php-2" : {
    "transaction" : "/include/ajax/ym_ecommerce.php-2",
    "sampleCount" : 25,
    "errorCount" : 0,
    "errorPct" : 0.0,
    "meanResTime" : 89.0,
    "medianResTime" : 89.0,
    "minResTime" : 81.0,
    "maxResTime" : 98.0,
    "pct1ResTime" : 96.4,
    "pct2ResTime" : 97.7,
    "pct3ResTime" : 98.0,
    "throughput" : 7.159221076746849,
    "receivedKBytesPerSec" : 6.040592783505154,
    "sentKBytesPerSec" : 3.6355419530355095
  },
  "/include/ajax/nikolaus_pizza.php-3" : {
    "transaction" : "/include/ajax/nikolaus_pizza.php-3",
    "sampleCount" : 25,
    "errorCount" : 0,
    "errorPct" : 0.0,
    "meanResTime" : 95.99999999999999,
    "medianResTime" : 94.0,
    "minResTime" : 87.0,
    "maxResTime" : 109.0,
    "pct1ResTime" : 105.2,
    "pct2ResTime" : 108.4,
    "pct3ResTime" : 109.0,
    "throughput" : 7.126567844925884,
    "receivedKBytesPerSec" : 12.52717003990878,
    "sentKBytesPerSec" : 3.8903822512827824
  },
  "/include/ajax/ym_ecommerce.php-4" : {
    "transaction" : "/include/ajax/ym_ecommerce.php-4",
    "sampleCount" : 25,
    "errorCount" : 0,
    "errorPct" : 0.0,
    "meanResTime" : 88.56,
    "medianResTime" : 88.0,
    "minResTime" : 81.0,
    "maxResTime" : 97.0,
    "pct1ResTime" : 94.0,
    "pct2ResTime" : 96.1,
    "pct3ResTime" : 97.0,
    "throughput" : 7.1285999429712,
    "receivedKBytesPerSec" : 6.2723325670088395,
    "sentKBytesPerSec" : 3.6199921585400627
  },
  "/include/ajax/nikolaus_pizza.php-5" : {
    "transaction" : "/include/ajax/nikolaus_pizza.php-5",
    "sampleCount" : 25,
    "errorCount" : 0,
    "errorPct" : 0.0,
    "meanResTime" : 160.52000000000004,
    "medianResTime" : 64.0,
    "minResTime" : 60.0,
    "maxResTime" : 2462.0,
    "pct1ResTime" : 70.0,
    "pct2ResTime" : 1744.3999999999983,
    "pct3ResTime" : 2462.0,
    "throughput" : 7.175660160734788,
    "receivedKBytesPerSec" : 4.821146670493685,
    "sentKBytesPerSec" : 3.6859348091274398
  }
}