{
  "/include/ajax/nikolaus_pizza.php-7" : {
    "transaction" : "/include/ajax/nikolaus_pizza.php-7",
    "sampleCount" : 50,
    "errorCount" : 0,
    "errorPct" : 0.0,
    "meanResTime" : 77.42,
    "medianResTime" : 64.0,
    "minResTime" : 57.0,
    "maxResTime" : 736.0,
    "pct1ResTime" : 69.9,
    "pct2ResTime" : 71.0,
    "pct3ResTime" : 736.0,
    "throughput" : 10.59322033898305,
    "receivedKBytesPerSec" : 11.71047404661017,
    "sentKBytesPerSec" : 5.793167372881356
  },
  "/upload/resize_cache/iblock/b40/100_100_1/zribf5ykbp222cgylfsm17d099ub4pzk.jpg-6" : {
    "transaction" : "/upload/resize_cache/iblock/b40/100_100_1/zribf5ykbp222cgylfsm17d099ub4pzk.jpg-6",
    "sampleCount" : 50,
    "errorCount" : 0,
    "errorPct" : 0.0,
    "meanResTime" : 42.98,
    "medianResTime" : 41.5,
    "minResTime" : 40.0,
    "maxResTime" : 85.0,
    "pct1ResTime" : 45.0,
    "pct2ResTime" : 47.449999999999996,
    "pct3ResTime" : 85.0,
    "throughput" : 10.651896037494673,
    "receivedKBytesPerSec" : 51.179031742650196,
    "sentKBytesPerSec" : 4.816238149765658
  },
  "/include/ajax/ym_ecommerce.php-8" : {
    "transaction" : "/include/ajax/ym_ecommerce.php-8",
    "sampleCount" : 50,
    "errorCount" : 0,
    "errorPct" : 0.0,
    "meanResTime" : 229.94,
    "medianResTime" : 89.0,
    "minResTime" : 78.0,
    "maxResTime" : 3799.0,
    "pct1ResTime" : 97.8,
    "pct2ResTime" : 1599.7499999999857,
    "pct3ResTime" : 3799.0,
    "throughput" : 10.557432432432432,
    "receivedKBytesPerSec" : 9.289303341427365,
    "sentKBytesPerSec" : 5.361196157094595
  },
  "/checkout/-9" : {
    "transaction" : "/checkout/-9",
    "sampleCount" : 50,
    "errorCount" : 0,
    "errorPct" : 0.0,
    "meanResTime" : 109.72,
    "medianResTime" : 108.0,
    "minResTime" : 93.0,
    "maxResTime" : 148.0,
    "pct1ResTime" : 118.0,
    "pct2ResTime" : 127.35,
    "pct3ResTime" : 148.0,
    "throughput" : 10.539629005059023,
    "receivedKBytesPerSec" : 71.70529550484824,
    "sentKBytesPerSec" : 5.105132799325464
  },
  "Total" : {
    "transaction" : "Total",
    "sampleCount" : 550,
    "errorCount" : 0,
    "errorPct" : 0.0,
    "meanResTime" : 287.4927272727272,
    "medianResTime" : 83.0,
    "minResTime" : 40.0,
    "maxResTime" : 3927.0,
    "pct1ResTime" : 140.0,
    "pct2ResTime" : 2378.45,
    "pct3ResTime" : 3572.710000000001,
    "throughput" : 99.5114890537362,
    "receivedKBytesPerSec" : 403.5470050434232,
    "sentKBytesPerSec" : 50.06495103582414
  },
  "/upload/resize_cache/iblock/b40/150_150_1/zribf5ykbp222cgylfsm17d099ub4pzk.jpg-11" : {
    "transaction" : "/upload/resize_cache/iblock/b40/150_150_1/zribf5ykbp222cgylfsm17d099ub4pzk.jpg-11",
    "sampleCount" : 50,
    "errorCount" : 0,
    "errorPct" : 0.0,
    "meanResTime" : 42.44,
    "medianResTime" : 41.0,
    "minResTime" : 40.0,
    "maxResTime" : 46.0,
    "pct1ResTime" : 45.9,
    "pct2ResTime" : 46.0,
    "pct3ResTime" : 46.0,
    "throughput" : 10.699764605178686,
    "receivedKBytesPerSec" : 103.47633680184036,
    "sentKBytesPerSec" : 4.93192274769955
  },
  "/include/ajax/nikolaus_pizza.php-1" : {
    "transaction" : "/include/ajax/nikolaus_pizza.php-1",
    "sampleCount" : 50,
    "errorCount" : 0,
    "errorPct" : 0.0,
    "meanResTime" : 2052.22,
    "medianResTime" : 2361.5,
    "minResTime" : 130.0,
    "maxResTime" : 3927.0,
    "pct1ResTime" : 3530.8,
    "pct2ResTime" : 3817.2999999999997,
    "pct3ResTime" : 3927.0,
    "throughput" : 10.38637307852098,
    "receivedKBytesPerSec" : 19.717880141254675,
    "sentKBytesPerSec" : 5.669904834856668
  },
  "/upload/resize_cache/iblock/c2f/150_150_1/jolfm1cmof3yfsvr91utri8ioggkcr1f.jpg-10" : {
    "transaction" : "/upload/resize_cache/iblock/c2f/150_150_1/jolfm1cmof3yfsvr91utri8ioggkcr1f.jpg-10",
    "sampleCount" : 50,
    "errorCount" : 0,
    "errorPct" : 0.0,
    "meanResTime" : 43.14,
    "medianResTime" : 42.0,
    "minResTime" : 40.0,
    "maxResTime" : 49.0,
    "pct1ResTime" : 46.0,
    "pct2ResTime" : 46.449999999999996,
    "pct3ResTime" : 49.0,
    "throughput" : 10.699764605178686,
    "receivedKBytesPerSec" : 163.62071675048148,
    "sentKBytesPerSec" : 4.93192274769955
  },
  "/include/ajax/ym_ecommerce.php-2" : {
    "transaction" : "/include/ajax/ym_ecommerce.php-2",
    "sampleCount" : 50,
    "errorCount" : 0,
    "errorPct" : 0.0,
    "meanResTime" : 88.12,
    "medianResTime" : 87.0,
    "minResTime" : 79.0,
    "maxResTime" : 112.0,
    "pct1ResTime" : 97.0,
    "pct2ResTime" : 100.24999999999997,
    "pct3ResTime" : 112.0,
    "throughput" : 10.5999576001696,
    "receivedKBytesPerSec" : 8.9437142251431,
    "sentKBytesPerSec" : 5.382790968836125
  },
  "/include/ajax/nikolaus_pizza.php-3" : {
    "transaction" : "/include/ajax/nikolaus_pizza.php-3",
    "sampleCount" : 50,
    "errorCount" : 0,
    "errorPct" : 0.0,
    "meanResTime" : 203.52000000000004,
    "medianResTime" : 97.0,
    "minResTime" : 87.0,
    "maxResTime" : 3209.0,
    "pct1ResTime" : 107.9,
    "pct2ResTime" : 1108.9499999999907,
    "pct3ResTime" : 3209.0,
    "throughput" : 10.557432432432432,
    "receivedKBytesPerSec" : 18.557986697635137,
    "sentKBytesPerSec" : 5.7632858688766895
  },
  "/include/ajax/ym_ecommerce.php-4" : {
    "transaction" : "/include/ajax/ym_ecommerce.php-4",
    "sampleCount" : 50,
    "errorCount" : 0,
    "errorPct" : 0.0,
    "meanResTime" : 87.56000000000002,
    "medianResTime" : 87.0,
    "minResTime" : 77.0,
    "maxResTime" : 103.0,
    "pct1ResTime" : 94.0,
    "pct2ResTime" : 98.35,
    "pct3ResTime" : 103.0,
    "throughput" : 10.575296108291033,
    "receivedKBytesPerSec" : 9.305021282783418,
    "sentKBytesPerSec" : 5.37026755499154
  },
  "/include/ajax/nikolaus_pizza.php-5" : {
    "transaction" : "/include/ajax/nikolaus_pizza.php-5",
    "sampleCount" : 50,
    "errorCount" : 0,
    "errorPct" : 0.0,
    "meanResTime" : 185.35999999999999,
    "medianResTime" : 63.0,
    "minResTime" : 58.0,
    "maxResTime" : 3182.0,
    "pct1ResTime" : 68.0,
    "pct2ResTime" : 1406.2499999999873,
    "pct3ResTime" : 3182.0,
    "throughput" : 10.606703436571912,
    "receivedKBytesPerSec" : 7.126378871446754,
    "sentKBytesPerSec" : 5.448365241832838
  }
}