{
  "HTTP Request-1" : {
    "transaction" : "HTTP Request-1",
    "sampleCount" : 10,
    "errorCount" : 0,
    "errorPct" : 0.0,
    "meanResTime" : 1127.8,
    "medianResTime" : 1025.5,
    "minResTime" : 747.0,
    "maxResTime" : 1855.0,
    "pct1ResTime" : 1820.4,
    "pct2ResTime" : 1855.0,
    "pct3ResTime" : 1855.0,
    "throughput" : 3.284072249589491,
    "receivedKBytesPerSec" : 318.25867200328406,
    "sentKBytesPerSec" : 0.38164511494252873
  },
  "Total" : {
    "transaction" : "Total",
    "sampleCount" : 30,
    "errorCount" : 0,
    "errorPct" : 0.0,
    "meanResTime" : 1077.9,
    "medianResTime" : 1025.5,
    "minResTime" : 129.0,
    "maxResTime" : 2426.0,
    "pct1ResTime" : 2182.4000000000005,
    "pct2ResTime" : 2335.25,
    "pct3ResTime" : 2426.0,
    "throughput" : 9.196811771919068,
    "receivedKBytesPerSec" : 598.4070834610668,
    "sentKBytesPerSec" : 1.4250268240343347
  },
  "HTTP Request-0" : {
    "transaction" : "HTTP Request-0",
    "sampleCount" : 10,
    "errorCount" : 0,
    "errorPct" : 0.0,
    "meanResTime" : 488.7,
    "medianResTime" : 303.0,
    "minResTime" : 129.0,
    "maxResTime" : 1410.0,
    "pct1ResTime" : 1360.1000000000001,
    "pct2ResTime" : 1410.0,
    "pct3ResTime" : 1410.0,
    "throughput" : 4.452359750667854,
    "receivedKBytesPerSec" : 3.0740413512911844,
    "sentKBytesPerSec" : 0.5174129007123776
  },
  "HTTP Request" : {
    "transaction" : "HTTP Request",
    "sampleCount" : 10,
    "errorCount" : 0,
    "errorPct" : 0.0,
    "meanResTime" : 1617.1999999999998,
    "medianResTime" : 1447.0,
    "minResTime" : 950.0,
    "maxResTime" : 2426.0,
    "pct1ResTime" : 2409.5,
    "pct2ResTime" : 2426.0,
    "pct3ResTime" : 2426.0,
    "throughput" : 3.065603923973023,
    "receivedKBytesPerSec" : 299.2035417305334,
    "sentKBytesPerSec" : 0.7125134120171673
  }
}