{
  "HTTP Request-1" : {
    "transaction" : "HTTP Request-1",
    "sampleCount" : 261,
    "errorCount" : 251,
    "errorPct" : 96.16858,
    "meanResTime" : 13620.226053639844,
    "medianResTime" : 15163.0,
    "minResTime" : 779.0,
    "maxResTime" : 15529.0,
    "pct1ResTime" : 15179.0,
    "pct2ResTime" : 15184.0,
    "pct3ResTime" : 15195.38,
    "throughput" : 11.811558130062904,
    "receivedKBytesPerSec" : 50.86707542313436,
    "sentKBytesPerSec" : 1.372632243630357
  },
  "Total" : {
    "transaction" : "Total",
    "sampleCount" : 1522,
    "errorCount" : 1241,
    "errorPct" : 81.53745,
    "meanResTime" : 9401.653088042052,
    "medianResTime" : 6332.5,
    "minResTime" : 120.0,
    "maxResTime" : 21865.0,
    "pct1ResTime" : 18301.1,
    "pct2ResTime" : 18592.55,
    "pct3ResTime" : 21104.08,
    "throughput" : 68.21441376837576,
    "receivedKBytesPerSec" : 137.34875361352636,
    "sentKBytesPerSec" : 9.28666643790337
  },
  "HTTP Request-0" : {
    "transaction" : "HTTP Request-0",
    "sampleCount" : 261,
    "errorCount" : 0,
    "errorPct" : 0.0,
    "meanResTime" : 3074.310344827588,
    "medianResTime" : 3152.0,
    "minResTime" : 120.0,
    "maxResTime" : 6704.0,
    "pct1ResTime" : 5735.6,
    "pct2ResTime" : 5973.9,
    "pct3ResTime" : 6695.52,
    "throughput" : 36.49839183331002,
    "receivedKBytesPerSec" : 25.199573267724794,
    "sentKBytesPerSec" : 4.241512332191302
  },
  "HTTP Request" : {
    "transaction" : "HTTP Request",
    "sampleCount" : 1000,
    "errorCount" : 990,
    "errorPct" : 99.0,
    "meanResTime" : 9952.042000000009,
    "medianResTime" : 6492.5,
    "minResTime" : 1114.0,
    "maxResTime" : 21865.0,
    "pct1ResTime" : 18532.199999999997,
    "pct2ResTime" : 20212.55,
    "pct3ResTime" : 21163.71,
    "throughput" : 44.81893151667264,
    "receivedKBytesPerSec" : 78.89536915393062,
    "sentKBytesPerSec" : 6.5678555121683395
  }
}