{
  "/include/ajax/nikolaus_pizza.php-7" : {
    "transaction" : "/include/ajax/nikolaus_pizza.php-7",
    "sampleCount" : 1000,
    "errorCount" : 883,
    "errorPct" : 88.3,
    "meanResTime" : 520.9889999999998,
    "medianResTime" : 592.0,
    "minResTime" : 40.0,
    "maxResTime" : 4408.0,
    "pct1ResTime" : 710.0,
    "pct2ResTime" : 1460.7499999999982,
    "pct3ResTime" : 1842.92,
    "throughput" : 58.9518363497023,
    "receivedKBytesPerSec" : 38.02381930525261,
    "sentKBytesPerSec" : 32.23928550374344
  },
  "/upload/resize_cache/iblock/b40/100_100_1/zribf5ykbp222cgylfsm17d099ub4pzk.jpg-6" : {
    "transaction" : "/upload/resize_cache/iblock/b40/100_100_1/zribf5ykbp222cgylfsm17d099ub4pzk.jpg-6",
    "sampleCount" : 1000,
    "errorCount" : 0,
    "errorPct" : 0.0,
    "meanResTime" : 102.33399999999993,
    "medianResTime" : 48.0,
    "minResTime" : 39.0,
    "maxResTime" : 1982.0,
    "pct1ResTime" : 169.0,
    "pct2ResTime" : 446.8499999999998,
    "pct3ResTime" : 902.8100000000002,
    "throughput" : 59.02490851139181,
    "receivedKBytesPerSec" : 283.59624011332784,
    "sentKBytesPerSec" : 26.688020157006257
  },
  "/include/ajax/ym_ecommerce.php-8" : {
    "transaction" : "/include/ajax/ym_ecommerce.php-8",
    "sampleCount" : 1000,
    "errorCount" : 861,
    "errorPct" : 86.1,
    "meanResTime" : 457.437,
    "medianResTime" : 491.5,
    "minResTime" : 40.0,
    "maxResTime" : 3963.0,
    "pct1ResTime" : 686.0,
    "pct2ResTime" : 759.0,
    "pct3ResTime" : 1710.7900000000002,
    "throughput" : 59.23117929277972,
    "receivedKBytesPerSec" : 37.02625468296512,
    "sentKBytesPerSec" : 30.078333234614703
  },
  "/checkout/-9" : {
    "transaction" : "/checkout/-9",
    "sampleCount" : 1000,
    "errorCount" : 969,
    "errorPct" : 96.9,
    "meanResTime" : 97.32400000000007,
    "medianResTime" : 85.0,
    "minResTime" : 39.0,
    "maxResTime" : 4151.0,
    "pct1ResTime" : 100.0,
    "pct2ResTime" : 347.4999999999993,
    "pct3ResTime" : 379.98,
    "throughput" : 59.389476184820055,
    "receivedKBytesPerSec" : 46.134313476214516,
    "sentKBytesPerSec" : 28.76677752702221
  },
  "Total" : {
    "transaction" : "Total",
    "sampleCount" : 11000,
    "errorCount" : 7042,
    "errorPct" : 64.01818,
    "meanResTime" : 954.4430000000015,
    "medianResTime" : 453.0,
    "minResTime" : 39.0,
    "maxResTime" : 16464.0,
    "pct1ResTime" : 2269.5999999999985,
    "pct2ResTime" : 4790.0,
    "pct3ResTime" : 9889.789999999843,
    "throughput" : 614.3535325328121,
    "receivedKBytesPerSec" : 1968.0219277960066,
    "sentKBytesPerSec" : 309.0857127897235
  },
  "/upload/resize_cache/iblock/b40/150_150_1/zribf5ykbp222cgylfsm17d099ub4pzk.jpg-11" : {
    "transaction" : "/upload/resize_cache/iblock/b40/150_150_1/zribf5ykbp222cgylfsm17d099ub4pzk.jpg-11",
    "sampleCount" : 1000,
    "errorCount" : 0,
    "errorPct" : 0.0,
    "meanResTime" : 208.7159999999998,
    "medianResTime" : 90.0,
    "minResTime" : 40.0,
    "maxResTime" : 2409.0,
    "pct1ResTime" : 546.0,
    "pct2ResTime" : 671.0,
    "pct3ResTime" : 1296.7900000000002,
    "throughput" : 59.60185957801883,
    "receivedKBytesPerSec" : 576.4035306651568,
    "sentKBytesPerSec" : 27.472732149243058
  },
  "/include/ajax/nikolaus_pizza.php-1" : {
    "transaction" : "/include/ajax/nikolaus_pizza.php-1",
    "sampleCount" : 1000,
    "errorCount" : 772,
    "errorPct" : 77.2,
    "meanResTime" : 5740.613999999999,
    "medianResTime" : 4799.0,
    "minResTime" : 127.0,
    "maxResTime" : 16464.0,
    "pct1ResTime" : 10364.7,
    "pct2ResTime" : 10640.749999999998,
    "pct3ResTime" : 15219.0,
    "throughput" : 57.937427578215534,
    "receivedKBytesPerSec" : 51.19812789687138,
    "sentKBytesPerSec" : 31.62795118771726
  },
  "/upload/resize_cache/iblock/c2f/150_150_1/jolfm1cmof3yfsvr91utri8ioggkcr1f.jpg-10" : {
    "transaction" : "/upload/resize_cache/iblock/c2f/150_150_1/jolfm1cmof3yfsvr91utri8ioggkcr1f.jpg-10",
    "sampleCount" : 1000,
    "errorCount" : 0,
    "errorPct" : 0.0,
    "meanResTime" : 205.82199999999997,
    "medianResTime" : 92.5,
    "minResTime" : 40.0,
    "maxResTime" : 2457.0,
    "pct1ResTime" : 544.9,
    "pct2ResTime" : 663.9499999999999,
    "pct3ResTime" : 1251.7400000000002,
    "throughput" : 59.605412171425165,
    "receivedKBytesPerSec" : 911.485497258151,
    "sentKBytesPerSec" : 27.474369672766286
  },
  "/include/ajax/ym_ecommerce.php-2" : {
    "transaction" : "/include/ajax/ym_ecommerce.php-2",
    "sampleCount" : 1000,
    "errorCount" : 856,
    "errorPct" : 85.6,
    "meanResTime" : 1058.0670000000007,
    "medianResTime" : 776.0,
    "minResTime" : 40.0,
    "maxResTime" : 15426.0,
    "pct1ResTime" : 1747.6999999999998,
    "pct2ResTime" : 2553.399999999999,
    "pct3ResTime" : 7393.39,
    "throughput" : 58.278454455387845,
    "receivedKBytesPerSec" : 36.21368523806749,
    "sentKBytesPerSec" : 29.59452765312664
  },
  "/include/ajax/nikolaus_pizza.php-3" : {
    "transaction" : "/include/ajax/nikolaus_pizza.php-3",
    "sampleCount" : 1000,
    "errorCount" : 890,
    "errorPct" : 89.0,
    "meanResTime" : 769.0199999999994,
    "medianResTime" : 664.5,
    "minResTime" : 39.0,
    "maxResTime" : 7445.0,
    "pct1ResTime" : 1684.9,
    "pct2ResTime" : 1903.9999999999986,
    "pct3ResTime" : 4257.540000000001,
    "throughput" : 58.41462702260646,
    "receivedKBytesPerSec" : 41.655789984812195,
    "sentKBytesPerSec" : 31.888453618786144
  },
  "/include/ajax/ym_ecommerce.php-4" : {
    "transaction" : "/include/ajax/ym_ecommerce.php-4",
    "sampleCount" : 1000,
    "errorCount" : 903,
    "errorPct" : 90.3,
    "meanResTime" : 705.9670000000001,
    "medianResTime" : 669.0,
    "minResTime" : 41.0,
    "maxResTime" : 8065.0,
    "pct1ResTime" : 1555.6999999999998,
    "pct2ResTime" : 1708.85,
    "pct3ResTime" : 3699.76,
    "throughput" : 58.424865622809065,
    "receivedKBytesPerSec" : 35.796127800742,
    "sentKBytesPerSec" : 29.66887707408273
  },
  "/include/ajax/nikolaus_pizza.php-5" : {
    "transaction" : "/include/ajax/nikolaus_pizza.php-5",
    "sampleCount" : 1000,
    "errorCount" : 908,
    "errorPct" : 90.8,
    "meanResTime" : 632.5830000000002,
    "medianResTime" : 644.0,
    "minResTime" : 40.0,
    "maxResTime" : 15586.0,
    "pct1ResTime" : 858.4999999999997,
    "pct2ResTime" : 1641.0,
    "pct3ResTime" : 2037.7700000000011,
    "throughput" : 58.568583811643435,
    "receivedKBytesPerSec" : 34.676719720042165,
    "sentKBytesPerSec" : 30.085034262621527
  }
}